ANO,MES,COD_NCM,COD_UNIDADE,COD_PAIS,SG_UF,COD_VIA,COD_URF,VL_QUANTIDADE,VL_PESO_KG,VL_FOB,MOVIMENTACAO
2020,8,76161000,10,580,SP,1,817800,1,1,2,Exportação
2020,5,35079049,10,589,MG,1,817800,224,224,3839,Exportação
2020,1,25081000,10,756,SP,0,817800,108000,108000,49529,Exportação
2020,7,84213990,11,63,SP,7,1017500,10450,6529,63997,Exportação
2020,6,84091000,10,249,GO,4,817700,69,69,3375,Exportação
2020,4,40169300,10,249,SP,1,817800,4586,4586,236156,Exportação
2020,2,82042000,10,741,SP,0,917800,9,9,303,Exportação
2020,10,2022090,10,434,SP,12,817800,34,34,111,Exportação
2020,6,32082020,10,845,PR,7,1017701,751,751,3759,Exportação
2020,12,85389090,10,586,RS,7,917500,24,24,524,Exportação
2020,9,39209990,10,586,PR,7,917500,2283,2283,4312,Exportação
2020,5,76169900,10,628,RJ,4,817700,31,31,666,Exportação
2020,7,84249090,10,63,SP,4,817700,241,243,84728,Exportação
2020,6,8055000,10,573,PA,1,217800,71280,71280,44704,Exportação
2020,10,17019900,21,249,GO,1,817800,8071,8071723,4906682,Exportação
2020,9,39023000,10,63,RJ,0,1017500,8400,8400,34108,Exportação
2020,7,69111090,10,858,SP,0,817800,21,21,112,Exportação
2020,7,84339090,10,586,SP,7,917500,28376,28376,195662,Exportação
2020,12,48025610,10,317,SP,1,817800,45551,45551,22662,Exportação
2020,7,84229090,10,63,SP,4,817700,72,85,42308,Exportação
2020,11,85118020,11,83,SP,4,817600,2,0,66,Exportação
2020,6,8044000,10,538,SP,0,717800,20,20,26,Exportação
2020,1,73143900,10,586,RS,7,917500,29,29,192,Exportação
2020,12,88033000,10,249,SP,4,817700,1503,1503,854117,Exportação
2020,1,61169300,13,845,SC,0,817600,2,0,7,Exportação
2020,2,52010020,21,576,MT,1,817800,10240,10239082,15580458,Exportação
2020,3,40161010,10,239,SP,1,817800,5,5,187,Exportação
2020,2,85041000,11,476,RS,0,917800,7,7,58,Exportação
2020,7,20011000,10,586,PR,7,917500,675,675,1860,Exportação
2020,8,30043915,10,97,SP,4,817600,88,88,22080,Exportação
2020,10,85472090,10,586,SC,15,917500,50,50,31,Exportação
2020,8,84229090,10,63,SP,4,817600,53,53,24362,Exportação
2020,9,10059010,10,858,MT,1,817800,343038785,343038785,56214717,Exportação
2020,7,84833029,11,249,PR,1,917800,472,30,782,Exportação
2020,9,84219999,10,169,SP,4,817700,1123,1091,17495,Exportação
2020,9,84811000,11,97,SP,7,147600,349,234,6092,Exportação
2020,9,7049000,10,538,SP,0,817800,117,118,134,Exportação
2020,3,68022100,15,249,ES,0,817800,9910,9910,6383,Exportação
2020,4,21011110,21,580,ES,0,727600,5,20,609,Exportação
2020,5,62069000,11,249,SP,4,817700,8,7,906,Exportação
2020,9,84143091,11,589,SP,1,817800,3,8,453,Exportação
2020,9,73269090,10,275,SC,1,927700,10,10,63,Exportação
2020,5,44092900,16,23,PA,1,217800,198,197972,181573,Exportação
2020,4,12122100,10,467,ES,0,817800,0,0,11,Exportação
2020,4,20079990,10,580,ES,0,710251,4,4,62,Exportação
2020,4,32041700,10,63,SP,1,817800,820,820,8479,Exportação
2020,7,87084090,11,493,SP,4,817700,1136,2084,29453,Exportação
2020,3,84238900,11,229,SP,0,817800,36,4628,11472,Exportação
2020,2,49111010,10,169,RS,4,817600,8,8,26,Exportação
2020,2,90189099,11,317,SP,0,817600,8,498,18481,Exportação
2020,12,84439199,11,63,PR,4,817700,59,1256,83365,Exportação
2020,6,8039000,10,351,PR,0,917800,20,20,22,Exportação
2020,10,38249941,10,275,PR,0,917800,2,2,19,Exportação
2020,7,84099114,11,23,RS,0,1017700,200,4,301,Exportação
2020,7,63109000,10,628,PA,0,210200,205,205,646,Exportação
2020,10,90211010,10,73,SP,4,817700,36,36,5929,Exportação
2020,9,35061090,10,158,SP,4,817700,0,0,666,Exportação
2020,9,44079990,16,87,PA,1,217800,203,224409,127331,Exportação
2020,9,84835010,11,63,SP,4,817700,15,77,2128,Exportação
2020,4,29037712,10,741,SP,0,317900,0,0,15,Exportação
2020,10,8105000,10,476,PR,0,917800,15,15,17,Exportação
2020,9,10059010,10,81,MS,1,917800,33724843,33724843,6147681,Exportação
2020,9,84836090,11,845,PR,7,1017701,1,0,15,Exportação
2020,11,4072100,20,43,SP,12,817800,150,91,133,Exportação
2020,2,87089990,10,63,SP,7,1017503,83249,83250,840047,Exportação
2020,5,40111000,11,80,SP,1,817800,239,3791,16397,Exportação
2020,10,33059000,10,149,BA,4,817700,480,422,11123,Exportação
2020,10,97011000,11,87,SP,4,817600,49,115,1140012,Exportação
2020,10,21011110,21,528,PR,1,917800,16,15840,94997,Exportação
2020,8,64041900,13,69,CE,4,817700,30,7,322,Exportação
2020,9,85044090,11,249,SC,4,817700,3,5,250,Exportação
2020,8,87089990,10,493,SP,1,817800,49649,56205,457900,Exportação
2020,6,84371000,11,589,SC,1,817800,1,1915,42200,Exportação
2020,2,61099000,11,245,SP,4,817700,1,1,61,Exportação
2020,1,94035000,11,69,PR,0,917800,5,211,338,Exportação
2020,12,29054500,10,196,PR,1,917800,21600,21600,15606,Exportação
2020,9,14042010,10,160,CE,1,317900,246560,246560,67311,Exportação
2020,2,19030000,10,607,PR,1,927800,1940,1940,2105,Exportação
2020,4,94039010,10,169,RS,1,1017700,1339,1339,2578,Exportação
2020,3,84133010,11,97,SP,7,147600,15,9,349,Exportação
2020,3,84663000,10,493,SP,4,817600,106,106,23633,Exportação
2020,11,20041000,10,337,RR,0,260152,63,63,115,Exportação
2020,6,74010000,10,190,BA,0,517800,541840,541840,744334,Exportação
2020,4,69041000,12,845,RS,7,1010252,206,851940,33317,Exportação
2020,2,33059000,10,670,SP,4,817700,2,2,6,Exportação
2020,10,84818021,11,23,SP,1,817800,23734,3263,106159,Exportação
2020,9,30049079,10,158,SP,4,817700,1229,1229,78415,Exportação
2020,3,90172000,11,97,RS,7,147600,228,21,281,Exportação
2020,12,9011110,21,676,MG,1,717600,576,575700,1326094,Exportação
2020,5,85176259,11,160,SP,4,817700,176,30,24458,Exportação
2020,3,21011110,21,476,ES,0,727600,0,11,361,Exportação
2020,3,19059090,10,476,RS,0,1017800,25,25,176,Exportação
2020,6,13019090,10,249,PA,4,817700,20,20,188,Exportação
2020,11,16022000,10,607,SP,0,817800,0,0,2,Exportação
2020,2,40169200,10,476,SP,0,417902,0,0,6,Exportação
2020,8,8011900,10,434,RS,0,1017700,75,75,73,Exportação
2020,1,61143000,11,580,SC,4,817700,101,26,1659,Exportação
2020,6,44123900,16,23,SC,1,927800,260,129200,63598,Exportação
2020,4,9041100,10,464,SP,1,817800,25800,25800,46628,Exportação
2020,11,40082100,10,158,SP,4,817700,1540,1540,48920,Exportação
2020,3,39241000,10,391,PR,1,917800,209,209,500,Exportação
2020,8,85166000,11,586,SC,7,917500,3993,53207,218200,Exportação
2020,4,9011110,21,827,MG,0,817800,378,378000,846960,Exportação
2020,3,21031010,10,476,PR,0,917800,6,6,19,Exportação
2020,10,87084019,11,589,SP,4,817700,4,586,15732,Exportação
2020,2,2062100,10,351,MG,1,817800,55304,55304,126575,Exportação
2020,12,84219199,10,63,SC,4,817700,67,67,1170,Exportação
2020,8,43021990,11,69,RS,1,1017700,4977,17398,308786,Exportação
2020,6,23099090,10,251,MG,1,817800,66000,66000,42573,Exportação
2020,8,2071400,10,556,GO,1,917800,5562,5562,12286,Exportação
2020,4,84719090,11,493,RJ,4,817700,34,59,43550,Exportação
2020,9,23040090,21,190,MT,0,917800,2450,2450000,787500,Exportação
2020,11,84249090,10,845,SP,4,817700,2,2,537,Exportação
2020,12,68029990,10,239,ES,1,727600,38196,38196,54689,Exportação
2020,9,61089100,11,386,SP,1,817800,1306,193,5273,Exportação
2020,6,84831019,11,756,SP,4,817600,2,129,1735,Exportação
2020,7,90211010,10,607,PR,4,917900,56,56,29937,Exportação
2020,11,87089100,11,63,SP,7,1017503,4983,15237,171670,Exportação
2020,1,32041700,10,586,RS,7,917500,840,840,6673,Exportação
2020,2,1051190,11,586,PR,7,917500,729510,37295,293738,Exportação
2020,1,71039900,19,149,RS,1,1017700,118260100,23653,167886,Exportação
2020,9,84842000,10,317,SP,1,817800,1,1,145,Exportação
2020,8,44123900,16,235,SC,0,927800,32,17939,10869,Exportação
2020,10,90278099,11,845,MG,4,817600,1,5,5400,Exportação
2020,7,84219999,10,845,SP,7,1017701,5490,5490,68415,Exportação
2020,7,16010000,10,476,MA,0,317903,104,104,376,Exportação
2020,9,43021990,11,361,RS,4,817600,62,256,6910,Exportação
2020,10,4090000,10,467,SP,12,817800,26,26,83,Exportação
2020,3,84229090,10,158,SP,4,817600,17,17,22842,Exportação
2020,5,90212190,10,741,SP,4,817700,1,1,1144,Exportação
2020,9,73181600,10,63,SP,4,817700,160,159,25346,Exportação
2020,12,82041100,10,63,SP,1,817800,28,28,367,Exportação
2020,11,84778090,11,249,SP,4,817600,1,45,10388,Exportação
2020,3,15081000,10,434,AM,0,227600,100,100,179,Exportação
2020,10,24012030,10,676,RS,1,1017700,613800,613800,1904316,Exportação
2020,10,73182900,10,63,RS,7,1017500,257,257,1942,Exportação
2020,2,85353019,11,97,SP,4,817600,1,0,69,Exportação
2020,1,49019900,10,589,SP,4,817600,292,292,11263,Exportação
2020,6,84148011,11,97,SP,7,147600,3,30,1841,Exportação
2020,12,84212300,11,169,SP,1,817800,6642,2004,38886,Exportação
2020,7,4011010,10,580,SP,0,817800,547,540,417,Exportação
2020,7,44123900,16,764,PR,0,917800,345,192238,107065,Exportação
2020,2,94054010,10,493,MG,1,817800,1738,1738,15354,Exportação
2020,7,11041900,10,399,GO,1,817800,3450,3450,2336,Exportação
2020,7,84249090,10,845,SP,7,1017701,3,3,209,Exportação
2020,11,38099110,10,249,SP,4,817700,575,575,51252,Exportação
2020,9,85059010,11,63,SP,1,817800,3,7,80,Exportação
2020,11,90269090,10,455,SP,4,817600,7,7,3482,Exportação
2020,10,40091290,10,756,SP,1,817800,0,0,4,Exportação
2020,4,94032000,11,728,SC,1,927700,2,37,129,Exportação
2020,1,85122022,11,589,SP,1,817800,685,152,4688,Exportação
2020,5,28092011,10,586,SP,7,917500,23726,23726,25970,Exportação
2020,1,84073390,11,386,MG,1,717600,1512,110830,1830776,Exportação
2020,5,8031000,10,628,SP,0,817800,30,30,27,Exportação
2020,4,18069000,10,351,SP,12,817800,17,17,125,Exportação
2020,7,4029900,10,434,MA,0,317903,32,32,69,Exportação
2020,8,22030000,17,351,PR,0,917800,476,468,883,Exportação
2020,1,8071900,10,351,SP,0,817800,874,789,1273,Exportação
2020,3,82019000,10,589,RS,1,1017700,527,527,2611,Exportação
2020,10,32074010,10,245,SC,1,927800,20000,20000,32600,Exportação
2020,2,90328981,11,756,SP,1,817800,29,1,90,Exportação
2020,10,74152100,10,240,SP,4,817700,0,0,45,Exportação
2020,12,84099999,10,169,SP,1,817800,258,258,7132,Exportação
2020,12,39269090,10,850,RR,7,260151,2,2,84,Exportação
2020,11,90259090,10,538,RS,4,817700,0,0,69,Exportação
2020,3,71039900,19,249,RS,4,817700,2467575,490,18682,Exportação
2020,7,90275090,11,845,SC,7,1017701,13,3,222,Exportação
2020,3,20091100,10,776,SP,1,817800,200870,200870,313927,Exportação
2020,9,19021900,10,580,RJ,0,717600,5,5,12,Exportação
2020,9,84099190,10,169,SP,0,817700,0,0,116,Exportação
2020,6,40093290,10,317,SP,4,817700,4,4,56,Exportação
2020,8,61169900,13,163,SP,0,817800,50,41,250,Exportação
2020,11,94036000,11,845,SC,7,1017701,1137,24927,53870,Exportação
2020,10,85114000,11,386,MG,1,717600,4,9,191,Exportação
2020,2,48025592,10,589,SP,1,817800,756516,756516,505807,Exportação
2020,5,39031900,10,97,MG,7,147600,236,236,844,Exportação
2020,10,85119000,10,493,SP,0,817800,336,336,3036,Exportação
2020,1,39263000,10,169,SP,4,817700,5,5,291,Exportação
2020,7,20098921,10,149,CE,1,317900,44105,44105,31041,Exportação
2020,11,90172000,11,63,SP,7,1017500,541,122,2654,Exportação
2020,2,2032900,10,331,GO,0,927800,1000,1000,737,Exportação
2020,3,84834010,11,158,RS,7,1017500,59,768,12973,Exportação
2020,7,20058000,10,476,SP,12,817800,10,10,22,Exportação
2020,10,20058000,10,741,PR,0,917800,6,6,4,Exportação
2020,5,40169990,10,240,SP,4,817600,6,6,175,Exportação
2020,2,32089010,10,586,SP,7,147800,1900,1900,1984,Exportação
2020,2,73182100,10,249,SP,4,817700,1,1,261,Exportação
2020,7,27101210,10,246,RS,1,1017700,70,70,180,Exportação
2020,12,20021000,10,741,ES,0,727600,12,12,28,Exportação
2020,7,39123111,10,63,SP,1,817800,32600,32600,89720,Exportação
2020,5,7093000,10,476,SC,0,917800,59,59,35,Exportação
2020,5,19053200,10,741,ES,0,727600,14,14,24,Exportação
2020,3,73072900,10,573,RJ,1,717600,27,27,2001,Exportação
2020,6,19019090,10,850,AM,7,260151,641040,641040,2185494,Exportação
2020,3,84439199,11,589,PR,4,817600,1,3,1138,Exportação
2020,8,73202010,10,63,SP,0,817800,4445,4445,8744,Exportação
2020,9,61143000,11,676,RJ,4,717700,265,40,1312,Exportação
2020,3,85437020,11,845,MG,7,1017701,30,10,264,Exportação
2020,7,39021020,10,63,RJ,1,817800,148500,148500,136824,Exportação
2020,1,52010020,21,776,MG,1,817800,25,25314,36172,Exportação
2020,5,84369900,10,493,SP,1,817800,8,8,226,Exportação
2020,11,96190000,10,586,PR,7,917500,49780,49780,119133,Exportação
2020,3,59119000,10,158,PR,4,817600,45,45,2233,Exportação
2020,5,48025610,10,240,SP,1,817800,2344486,2344486,1618815,Exportação
2020,1,90318099,11,169,SP,0,817600,2,25,1170,Exportação
2020,7,21032010,10,169,ES,0,727600,24,24,12,Exportação
2020,11,33049990,10,169,SP,1,817800,9166,9166,193561,Exportação
2020,5,82130000,10,586,SP,7,917500,4,4,317,Exportação
2020,12,2071200,10,556,RS,1,927800,172125,172125,228380,Exportação
2020,9,7031019,10,538,SP,0,812051,137,137,186,Exportação
2020,9,76161000,10,69,SP,1,817800,0,0,31,Exportação
2020,9,7049000,10,351,ES,0,727600,967,967,408,Exportação
2020,8,38249939,10,586,SP,7,917500,2667,2667,16939,Exportação
2020,2,90303390,11,545,RS,1,1017700,12,0,9,Exportação
2020,10,27101992,10,63,SP,7,1017503,19,19,91,Exportação
2020,12,19059090,10,607,MG,1,817800,1471,1471,6443,Exportação
2020,10,2062990,10,351,GO,1,817800,709604,709604,1573459,Exportação
2020,6,19053100,10,249,MG,1,717600,1098,1098,2687,Exportação
2020,12,22089000,17,351,PR,0,917800,14,14,37,Exportação
2020,3,39012029,10,160,SP,1,817800,100000,100000,81300,Exportação
2020,9,84099929,11,23,SP,1,817800,7636,8772,187182,Exportação
2020,8,38089419,10,586,SP,7,917500,309132,309132,216125,Exportação
2020,11,84328000,11,586,SP,7,917500,114,14492,42101,Exportação
2020,1,7122000,10,301,MA,0,317903,57,57,76,Exportação
2020,4,74062000,10,820,SP,1,817800,3120,3120,34601,Exportação
2020,12,28492000,10,63,SP,7,1017500,41000,41000,70324,Exportação
2020,5,2071400,10,53,PR,1,917800,1026025,1026025,1794380,Exportação
2020,7,32082020,10,63,SP,7,1017500,12000,12000,48462,Exportação
2020,5,12099100,10,169,SP,4,817700,40,40,25427,Exportação
2020,8,38190000,10,493,SP,1,817800,0,0,158,Exportação
2020,2,40103200,10,169,SP,4,817700,4,4,242,Exportação
2020,7,11062000,10,249,PR,1,927700,678800,678800,723445,Exportação
2020,8,21039091,10,538,SP,0,717800,8,8,57,Exportação
2020,11,40169300,10,249,SC,0,817600,0,0,22,Exportação
2020,2,83023000,10,239,SP,1,817800,13,13,95,Exportação
2020,8,61124100,11,607,SP,4,817700,546,57,3237,Exportação
2020,2,61112000,11,53,SC,4,817700,90,15,177,Exportação
2020,10,90292010,11,97,SP,7,147600,8,3,487,Exportação
2020,10,87089990,10,573,PR,1,817800,314,314,2942,Exportação
2020,2,85011019,11,63,SP,0,1017503,363,375,7207,Exportação
2020,6,4029900,10,434,MA,0,317903,28,28,64,Exportação
2020,8,7089000,10,741,SP,0,817800,224,247,441,Exportação
2020,9,12119090,10,275,BA,1,517800,16000,16000,188429,Exportação
2020,5,68029390,10,586,ES,7,917500,115094,112416,21913,Exportação
2020,8,2023000,10,43,AM,0,227600,12,12,87,Exportação
2020,12,7089000,10,351,MA,0,317903,229,229,240,Exportação
2020,10,3074310,10,476,SP,0,817800,143,177,1149,Exportação
2020,10,84099130,11,63,SP,7,1017500,364,377,3295,Exportação
2020,12,40169300,10,158,PR,4,817700,0,0,247,Exportação
2020,4,44182000,10,249,SC,1,927700,2652395,2652795,5483255,Exportação
2020,2,84099999,10,87,SP,1,817800,2,2,699,Exportação
2020,10,84212990,11,158,SP,7,1017500,8069,3374,64642,Exportação
2020,12,83013000,10,434,SP,0,817800,2,2,190,Exportação
2020,7,39269090,10,580,SP,0,817700,4,4,131,Exportação
2020,7,8044000,10,137,SP,0,817800,20,21,24,Exportação
2020,5,39269090,10,275,SP,1,817800,33,33,1038,Exportação
2020,4,85021210,11,611,SP,1,817800,1,2000,24816,Exportação
2020,11,3073900,10,538,RJ,0,717800,10,10,78,Exportação
2020,9,48211000,10,23,SP,1,817800,26,26,30,Exportação
2020,7,40059190,10,169,SP,1,817800,3498,3498,24468,Exportação
2020,3,20098990,10,434,SC,0,927502,24,24,75,Exportação
2020,8,40103900,10,169,SP,4,817700,478,478,11374,Exportação
2020,8,8013200,10,249,CE,1,317900,364800,364800,2113013,Exportação
2020,10,85437019,11,169,SP,4,817700,1,1,86,Exportação
2020,9,60064300,10,586,SC,7,917500,440,440,2732,Exportação
2020,9,38160011,10,158,MG,7,1017500,14500,14500,9475,Exportação
2020,7,61044400,11,245,SC,4,817700,102,26,1105,Exportação
2020,11,42022210,11,493,SP,4,817600,25,14,598,Exportação
2020,4,9011190,10,476,SP,0,812051,6,6,43,Exportação
2020,12,44092900,16,275,SP,0,817800,4,3185,8366,Exportação
2020,10,94019090,10,249,SP,4,817700,38,38,39177,Exportação
2020,12,38249989,10,399,SP,1,817800,5408,5408,54404,Exportação
2020,11,2031900,10,580,BA,0,517800,10,10,21,Exportação
2020,3,48114110,10,586,PR,7,917500,790,790,5682,Exportação
2020,5,85361000,11,240,SP,1,817800,360,0,329,Exportação
2020,3,7070000,10,580,ES,0,710251,10,10,5,Exportação
2020,8,7041000,10,351,SP,0,917800,20,26,50,Exportação
2020,3,84833029,11,249,SP,1,817800,298226,16555,328176,Exportação
2020,5,32141010,10,845,SP,4,817700,7,7,411,Exportação
2020,12,16029000,10,580,BA,0,517800,6,6,19,Exportação
2020,3,83099000,10,386,SP,4,817600,0,0,2,Exportação
2020,11,40082100,10,845,RS,7,1010351,13,13,337,Exportação
2020,5,85176254,11,580,SP,12,817800,3,3,80,Exportação
2020,10,63025100,10,845,SC,7,1017701,503,503,4422,Exportação
2020,11,21032010,10,97,SC,7,147600,5735,5735,6421,Exportação
2020,12,4072100,20,351,RJ,0,717600,60,48,89,Exportação
2020,2,17011400,21,365,MG,1,817800,19093,19092212,6005721,Exportação
2020,9,30061010,10,249,SP,4,817600,1416,1416,331263,Exportação
2020,6,22021000,17,476,ES,0,727600,1844,612,1378,Exportação
2020,3,84131100,11,589,SP,4,817700,3,345,18010,Exportação
2020,4,39095011,10,169,SP,1,817800,29250,29250,85538,Exportação
2020,12,87083019,11,63,SP,7,1017503,3907,7633,68149,Exportação
2020,11,2071400,10,17,PR,0,917800,51000,51000,44246,Exportação
2020,1,61046300,11,97,SC,7,147600,478,82,5113,Exportação
2020,9,84818092,11,586,SP,7,917500,2632,946,21779,Exportação
2020,9,38220090,10,149,SP,4,817600,159,159,46050,Exportação
2020,7,85167990,11,589,SP,1,817800,32,21,447,Exportação
2020,7,9012100,10,361,MA,0,317903,1,1,30,Exportação
2020,4,2071200,10,154,RS,0,1017700,133673,133673,153179,Exportação
2020,2,29181921,10,97,SP,4,817600,0,0,198,Exportação
2020,11,21011110,21,97,SP,7,147600,159,159474,799072,Exportação
2020,9,19053200,10,163,AL,0,430151,10,10,4,Exportação
2020,5,73151900,10,676,SP,0,817600,6,6,37,Exportação
2020,9,9101100,10,249,ES,1,717600,820568,820568,950702,Exportação
2020,6,11010010,10,77,RS,0,1017700,100,100,61,Exportação
2020,1,21032010,10,77,SC,0,927700,20,20,9,Exportação
2020,8,38140090,10,63,SC,7,1017500,5596,5596,10081,Exportação
2020,12,87089990,10,169,SP,1,817800,3111,3111,53451,Exportação
2020,2,64029990,13,65,SP,4,817600,55,55,2688,Exportação
2020,6,84122110,11,97,SP,7,147600,81,12449,37273,Exportação
2020,10,82055900,10,586,RS,7,917500,6872,6872,32312,Exportação
2020,10,94051093,10,97,SP,7,147600,762,762,24229,Exportação
2020,7,87085099,10,169,SP,1,817800,17524,17524,160239,Exportação
2020,2,48202000,10,538,SP,0,817800,12,12,38,Exportação
2020,4,21031010,10,607,SP,0,817800,43,41,229,Exportação
2020,5,90189099,11,249,PR,0,817700,6,0,142,Exportação
2020,9,39172900,10,59,RS,1,1017700,4,4,174,Exportação
2020,7,85369090,11,628,SP,1,817800,7,1040,200,Exportação
2020,11,49111090,10,493,SP,4,817600,3,3,43,Exportação
2020,12,20011000,10,97,PR,7,147600,4883,4883,12673,Exportação
2020,2,39261000,10,586,SP,7,917500,19,19,227,Exportação
2020,4,38249939,10,239,SC,0,927700,2,2,53,Exportação
2020,12,8071900,10,580,MA,0,317903,722,722,717,Exportação
2020,1,20098990,10,580,PR,0,917800,54,54,100,Exportação
2020,4,63079010,10,434,PA,0,217800,6,6,76,Exportação
2020,7,32082019,10,63,SP,0,817800,8583,8583,21992,Exportação
2020,11,84143091,11,493,SP,0,817600,1,8,166,Exportação
2020,11,19023000,10,163,AM,0,227600,17,17,116,Exportação
2020,12,85369090,11,493,BA,1,817800,4,0,6,Exportação
2020,9,68042219,10,434,SP,0,717600,1,1,63,Exportação
2020,1,90269010,10,756,RS,1,927800,2,2,210,Exportação
2020,8,85423190,11,63,SP,7,1017500,40,0,136,Exportação
2020,11,68029390,10,249,ES,1,727600,2914606,2937766,1751733,Exportação
2020,11,62042300,11,586,SC,7,917500,1583,156,5430,Exportação
2020,11,70072100,11,586,PR,15,917500,88,2643,5264,Exportação
2020,10,84283300,11,249,ES,1,717600,8,1321,414,Exportação
2020,4,39269010,10,586,SP,7,917500,2,2,487,Exportação
2020,10,85369040,11,586,SP,7,917500,7876,39,8370,Exportação
2020,7,39173229,10,764,SP,4,817700,3,3,92,Exportação
2020,1,52051200,10,169,SP,1,817800,35320,35320,81192,Exportação
2020,6,22084000,17,586,SP,7,147800,213852,213156,175472,Exportação
2020,9,7070000,10,538,SC,0,927700,30,30,57,Exportação
2020,12,21011190,21,23,ES,1,817800,1,770,38475,Exportação
2020,12,4029900,10,399,RS,0,1017700,21,21,35,Exportação
2020,2,72052990,10,63,SP,7,1017500,30000,30000,28372,Exportação
2020,7,85432000,11,589,RS,4,817700,4,1,1640,Exportação
2020,3,40103200,10,756,SP,1,817800,4,4,118,Exportação
2020,5,39232190,10,467,MA,0,317903,14,13,178,Exportação
2020,2,84814000,11,589,SC,0,817700,2,10,19,Exportação
2020,8,39100019,10,361,SC,4,817600,800,800,5600,Exportação
2020,9,40021919,10,63,PE,1,417902,2190,2190,2282,Exportação
2020,1,21039091,10,467,AM,0,227600,3,3,59,Exportação
2020,5,84819090,10,63,SP,4,817700,215,84,15794,Exportação
2020,7,84212300,11,158,SP,4,817700,4169,2919,45161,Exportação
2020,12,40118090,11,586,SP,7,147800,27,2333,9940,Exportação
2020,1,42022900,11,249,SP,0,817700,1,1,503,Exportação
2020,2,32141010,10,63,PR,1,917800,2,2,63,Exportação
2020,4,2023000,10,351,MT,1,817800,1569664,1569664,6000719,Exportação
2020,6,76069100,10,586,PR,7,917500,1871,1871,5720,Exportação
2020,11,64041900,13,69,RS,0,1017700,312,129,4589,Exportação
2020,7,73181400,10,493,RS,4,817700,93,93,810,Exportação
2020,1,85442000,10,63,MG,7,1017503,304,301,18163,Exportação
2020,9,82054000,10,345,RS,1,1017700,95,95,565,Exportação
2020,7,73151210,10,275,PR,1,917800,1,1,52,Exportação
2020,11,73151900,10,249,SP,4,817700,8,8,133,Exportação
2020,6,33049990,10,196,SP,4,817700,60,60,6876,Exportação
2020,2,11022000,10,40,PR,1,917800,4675000,4675000,1238040,Exportação
2020,3,87089490,10,317,SP,4,817600,16,16,276,Exportação
2020,9,64035190,13,628,RS,1,817800,446,376,27321,Exportação
2020,5,2071400,10,351,MG,0,817800,82890,82890,55722,Exportação
2020,9,85437099,11,538,PR,1,917800,1,2152,410918,Exportação
2020,2,34021900,10,63,SP,1,817800,138550,138550,109712,Exportação
2020,1,85444900,10,589,SP,0,817600,7,0,570,Exportação
2020,9,2071400,10,776,PR,1,927800,33480,33480,26294,Exportação
2020,11,15021019,10,383,MS,1,927800,24606,24606,22145,Exportação
2020,2,91040000,11,628,SP,1,817800,75,7,525,Exportação
2020,7,84733099,10,845,MG,7,1010252,17,17,537,Exportação
2020,2,7102900,10,476,MA,0,317903,65,65,118,Exportação
2020,2,9109100,10,249,ES,4,817600,1,1,12,Exportação
2020,10,82119210,11,467,CE,0,420154,2,2,25,Exportação
2020,4,32041100,10,586,SP,0,917500,400,400,2300,Exportação
2020,4,4090000,10,249,SC,0,927800,365549,365549,657487,Exportação
2020,3,10063019,10,160,PR,0,917800,650,650,687,Exportação
2020,2,73269090,10,361,SP,1,817800,447,483,7128,Exportação
2020,9,85043219,11,386,SP,4,817700,2,3,122,Exportação
2020,9,2041000,10,476,AM,0,227600,28,28,391,Exportação
2020,10,13019090,10,603,PA,4,817600,5,5,131,Exportação
2020,10,39269090,10,586,PR,7,917500,9951,9896,49115,Exportação
2020,5,85444900,10,249,SP,4,817700,62,62,7040,Exportação
2020,9,87088000,11,249,SC,4,817600,60,1015,2376,Exportação
2020,10,12024200,10,301,SP,1,817800,24000,24000,33480,Exportação
2020,6,68159990,10,386,SP,4,817700,0,0,10,Exportação
2020,6,40091100,10,249,SP,4,817700,22,22,8881,Exportação
2020,5,44123900,16,815,SC,0,917800,167,79890,35036,Exportação
2020,8,90292010,11,589,SP,4,817700,20,23,3682,Exportação
2020,10,84089090,11,63,SP,7,1017500,66,35283,480721,Exportação
2020,12,84213990,11,528,PR,4,817600,20,48,320,Exportação
2020,4,39174090,10,249,RS,0,817600,9,9,209,Exportação
2020,7,73261900,10,365,SP,4,817700,0,0,2,Exportação
2020,1,40103100,10,97,PR,7,147600,46,46,1321,Exportação
2020,5,39201099,10,687,SP,1,817800,9,9,58,Exportação
2020,2,69072200,15,317,SP,1,817800,71203,988800,185648,Exportação
2020,4,7089000,10,538,RS,0,1017700,34,34,70,Exportação
2020,7,39232110,10,476,PR,0,917800,1,1,2,Exportação
2020,11,23040010,21,589,MG,1,817800,62,61500,44321,Exportação
2020,9,85381000,10,196,SP,1,817800,2379,2359,24839,Exportação
2020,3,32141020,10,158,SP,1,817800,300,300,960,Exportação
2020,10,8044000,10,23,BA,0,517800,20,20,35,Exportação
2020,1,73181500,10,493,SP,1,817800,23675,23509,51998,Exportação
2020,12,85444200,10,239,RS,4,817700,14,14,1007,Exportação
2020,9,85122022,11,158,SP,7,1017500,173,89,1904,Exportação
2020,11,2032200,10,580,SP,12,817800,397,397,1491,Exportação
2020,2,73181500,10,160,SP,1,817800,3301,3301,28526,Exportação
2020,12,84833090,11,249,SP,4,817600,5011,30,2792,Exportação
2020,1,84141000,11,63,SP,4,817600,6,5,10506,Exportação
2020,6,29062990,10,63,SP,4,817700,25,25,243,Exportação
2020,8,64029190,13,239,BA,0,817700,1035,705,16335,Exportação
2020,10,9022000,10,580,CE,0,317900,0,0,18,Exportação
2020,9,84139190,10,239,RS,4,817700,8,8,1728,Exportação
2020,9,72162100,10,586,MG,7,917500,323636,323636,187218,Exportação
2020,10,94035000,11,628,SC,1,927700,26251,686078,1387148,Exportação
2020,1,68022300,15,249,ES,1,717600,2227,172940,131985,Exportação
2020,10,48025592,10,586,SC,7,917500,7241,7241,22887,Exportação
2020,6,30051090,10,158,SP,4,817700,73,73,8526,Exportação
2020,9,82021000,10,239,RS,1,1017700,358,358,1337,Exportação
2020,1,2071400,10,244,SC,1,927800,3794688,3794688,6892215,Exportação
2020,5,96032100,11,741,ES,0,727600,11,1,17,Exportação
2020,12,85365090,11,586,RS,7,917500,1987,185,6501,Exportação
2020,8,27101931,10,589,SP,1,817800,1136,1136,1680,Exportação
2020,4,84248990,11,493,SP,4,817700,95000,1064,28500,Exportação
2020,12,85119000,10,240,SP,4,817600,12,12,638,Exportação
2020,12,42034000,10,586,RS,7,917500,18,2,350,Exportação
2020,8,76151000,10,586,PR,7,917500,15975,15975,94241,Exportação
2020,5,32141010,10,589,SP,4,817700,1135,1135,4999,Exportação
2020,4,87082992,11,249,SP,0,817800,4,7,165,Exportação
2020,9,74122000,10,63,PR,4,817700,4,4,4,Exportação
2020,5,84229090,10,97,SP,7,147600,308,308,34824,Exportação
2020,7,87082992,11,158,SC,7,1017500,8,37,326,Exportação
2020,11,54041990,10,169,SP,4,817700,0,0,64,Exportação
2020,1,48092000,10,63,SP,7,1017500,99883,99883,169649,Exportação
2020,11,4089100,10,467,SP,0,917800,40,29,67,Exportação
2020,2,19021100,10,351,RS,0,1017700,10,10,11,Exportação
2020,3,3061710,10,741,MA,0,317903,20,20,221,Exportação
2020,5,22029900,17,580,RS,0,1017700,143,144,131,Exportação
2020,3,7099990,10,476,RS,0,1017700,72,72,133,Exportação
2020,12,9101100,10,580,MA,0,317903,48,48,131,Exportação
2020,10,73269090,10,169,SP,1,817800,63191,63191,213241,Exportação
2020,8,39199090,10,845,PR,7,1017701,0,0,56,Exportação
2020,12,20082010,10,476,SP,0,917800,24,24,104,Exportação
2020,1,2023000,10,573,SP,0,817800,17831,17831,169697,Exportação
2020,10,94034000,11,249,PR,1,817800,23576,342552,541106,Exportação
2020,7,2064900,10,40,RS,1,927800,104564,104564,52337,Exportação
2020,6,42050000,10,249,SP,4,817600,324,324,16558,Exportação
2020,4,87089300,11,97,SP,7,147600,3199,13682,161783,Exportação
2020,12,17019100,10,434,CE,0,317900,21,21,21,Exportação
2020,8,84213920,11,589,SP,4,817700,1,54,1520,Exportação
2020,7,84213990,11,169,SP,1,817800,6487,598,17209,Exportação
2020,10,44089090,16,190,SC,1,927700,243,144000,37824,Exportação
2020,2,84812090,11,97,SP,7,147600,483,461,14966,Exportação
2020,12,73209000,10,158,RS,7,1017500,66,66,795,Exportação
2020,2,19021100,10,232,SP,0,817800,54,30,95,Exportação
2020,10,84145990,11,40,SP,1,817800,1,9,211,Exportação
2020,8,56022900,10,149,SP,4,817700,1,1,998,Exportação
2020,12,35069110,10,845,RS,7,1010351,375,375,1523,Exportação
2020,11,39199020,10,586,SP,7,917500,89,89,247,Exportação
2020,12,35069190,10,607,BA,1,817800,1323,1323,12150,Exportação
2020,7,39232190,10,741,SP,0,817800,100,62,806,Exportação
2020,7,9109900,10,434,SC,0,927502,1,1,4,Exportação
2020,5,7032090,10,476,SC,0,927700,10,10,65,Exportação
2020,11,28112290,10,63,SP,7,1017500,25000,25000,7754,Exportação
2020,10,84834090,11,169,RS,4,817700,2,14,462,Exportação
2020,9,2071200,10,244,RS,1,927700,420159,420159,484573,Exportação
2020,11,84879000,10,589,SP,4,817600,13,13,2915,Exportação
2020,5,84314200,11,87,PR,1,917800,2,79,286,Exportação
2020,6,28365000,10,249,MG,4,817700,255,255,921,Exportação
2020,6,73072100,10,249,SP,0,817800,5138,5138,19702,Exportação
2020,1,84149020,10,141,SP,1,817800,93,93,1844,Exportação
2020,9,21011110,21,431,SP,1,817800,3,3168,14467,Exportação
2020,6,40169300,10,63,RS,7,1017500,287,287,6692,Exportação
2020,5,73261900,10,169,SP,1,817800,901,901,9542,Exportação
2020,5,89031000,11,573,RJ,4,817700,46,135,82909,Exportação
2020,7,84149020,10,239,PR,1,917800,0,0,4,Exportação
2020,7,56072900,10,586,BA,7,917500,4000,4000,4622,Exportação
2020,7,40103900,10,158,SP,1,817800,1910,1910,34020,Exportação
2020,9,85446000,10,249,RJ,4,817600,13,13,5673,Exportação
2020,9,7061000,10,137,SP,0,817800,20,20,10,Exportação
2020,1,90303990,11,63,SP,4,817600,1,1,605,Exportação
2020,12,84849000,10,647,SP,4,817700,11,11,2803,Exportação
2020,10,87083090,11,63,SP,7,1017504,2932,9783,132162,Exportação
2020,2,85044029,11,160,SP,1,817800,1,0,2162,Exportação
2020,7,8012200,10,580,RJ,0,717600,0,0,3,Exportação
2020,8,84069090,10,493,SP,0,927800,284,284,17227,Exportação
2020,7,84129080,10,169,SP,4,817700,18,18,723,Exportação
2020,4,38249941,10,538,RJ,0,717800,100,120,587,Exportação
2020,5,85332120,11,361,SP,4,817700,100,0,0,Exportação
2020,1,12019000,21,160,PR,1,917800,250403,250402167,91065108,Exportação
2020,1,84824000,11,589,SP,4,817700,80,5,505,Exportação
2020,2,48025610,10,670,SP,1,817800,223278,223278,131049,Exportação
2020,5,2032900,10,351,SC,1,927800,3247766,3247766,6431768,Exportação
2020,5,3033900,10,741,ES,0,727600,21,21,48,Exportação
2020,1,69072100,15,845,SC,7,1017701,25521,534260,152777,Exportação
2020,6,84212100,11,493,SP,4,817700,21,30,2251,Exportação
2020,12,21011110,21,149,SP,1,817800,277,277885,1373967,Exportação
2020,12,18069000,10,137,SP,0,817800,26,26,200,Exportação
2020,9,17019900,21,573,SP,1,817800,771,771000,502604,Exportação
2020,8,84835010,11,63,SC,4,817700,3,4,122,Exportação
2020,11,84212990,11,63,SP,1,817800,226843,12919,87818,Exportação
2020,9,84671190,11,158,SP,7,1017500,5,7,345,Exportação
2020,12,9030090,10,628,MG,4,817600,207,207,3553,Exportação
2020,11,84829990,10,589,SP,4,817700,1,1,51,Exportação
2020,6,84813000,11,249,SP,4,817700,153,116,28104,Exportação
2020,11,68053090,10,63,SP,7,1017500,14040,14040,90440,Exportação
2020,12,41041940,15,160,PR,1,917800,202326,646981,174160,Exportação
2020,10,85272100,11,63,SP,1,817800,184,161,52721,Exportação
2020,2,85369040,11,149,SC,0,927700,30,0,52,Exportação
2020,4,63041910,10,40,SC,0,927800,172,172,1254,Exportação
2020,9,74153300,10,239,RS,4,817700,0,0,3,Exportação
2020,12,44123900,16,309,PA,1,217800,51,23000,16022,Exportação
2020,1,27101911,16,607,RS,0,1017801,277,216383,169154,Exportação
2020,5,59031000,10,97,SP,4,817700,3,3,22,Exportação
2020,10,16023210,10,628,RS,0,1017700,10,10,72,Exportação
2020,2,16010000,10,434,PR,0,917800,65,65,57,Exportação
2020,5,7051900,10,538,SP,0,817800,20,20,33,Exportação
2020,6,42033000,10,845,SP,7,1017701,19,19,856,Exportação
2020,1,44123900,16,845,PR,7,1017701,123,55080,35378,Exportação
2020,1,84099969,11,63,SP,7,1017503,1359,172,46069,Exportação
2020,12,34054000,10,845,SC,7,1017701,99,99,268,Exportação
2020,6,61045200,11,158,SC,4,817600,4,1,7,Exportação
2020,6,19023000,10,63,SP,0,817800,41,41,644,Exportação
2020,8,84811000,11,23,SP,4,817600,5023,1398,49973,Exportação
2020,5,56031130,10,158,PR,7,1017500,108926,108926,236632,Exportação
2020,5,60053700,10,63,RS,7,1017500,1519,1519,8006,Exportação
2020,9,72193400,10,586,SP,7,917500,4932,4932,12773,Exportação
2020,7,72091700,10,97,MG,6,147600,34180,34180,18457,Exportação
2020,6,84831090,11,158,SP,4,817700,33,382,18927,Exportação
2020,1,8045010,10,827,SP,0,817800,23,23,49,Exportação
2020,8,40169300,10,63,SP,7,1017500,8644,8644,206538,Exportação
2020,6,11081200,10,573,PE,1,817800,100,100,376,Exportação
2020,4,7061000,10,445,CE,0,317900,8,8,9,Exportação
2020,11,94037000,11,158,RS,7,1017500,170,26,3934,Exportação
2020,7,85168010,11,586,SC,7,917500,10098,1035,12276,Exportação
2020,11,10059010,10,858,MT,1,817800,368513890,368513890,60658360,Exportação
2020,7,87089200,11,586,RS,7,917500,1575,7546,24384,Exportação
2020,6,33061000,10,628,AM,0,227600,1,1,11,Exportação
2020,8,84069090,10,40,SP,4,817600,17,17,1490,Exportação
2020,6,19019020,10,586,PR,7,917500,358,358,435,Exportação
2020,12,40170000,10,521,SP,4,817600,0,0,90,Exportação
2020,12,7094000,10,77,RJ,0,717600,12,12,14,Exportação
2020,2,10061092,10,434,AM,0,227600,300,300,357,Exportação
2020,9,41041114,15,386,RS,1,1017700,75276,342651,308305,Exportação
2020,12,48171000,10,607,SP,4,817700,1,1,17,Exportação
2020,5,84369900,10,196,SC,1,927800,4121,4121,26720,Exportação
2020,2,8132010,10,580,RS,0,1017700,3,3,16,Exportação
2020,1,17011400,21,628,AL,1,440151,36299,36297802,11748348,Exportação
2020,4,73269090,10,169,SP,4,817700,20,20,4891,Exportação
2020,9,40103900,10,586,PR,7,917500,1255,1255,19266,Exportação
2020,11,2013000,10,476,PR,0,917800,25,25,148,Exportação
2020,2,90328990,11,239,RS,4,1017801,2,0,80,Exportação
2020,11,38101020,10,158,SP,0,817700,1,1,13,Exportação
2020,4,48025499,10,169,SP,0,927800,27793,27793,34185,Exportação
2020,11,18063210,10,476,PR,0,917800,16,16,127,Exportação
2020,6,73181600,10,63,SP,7,1017503,1779,798,38501,Exportação
2020,12,73079900,10,63,RS,7,1017500,1134,1134,3987,Exportação
2020,1,74199990,10,275,RJ,0,717700,0,0,1548,Exportação
2020,3,90299010,10,158,SP,4,817700,1,1,124,Exportação
2020,1,84313110,10,586,SC,7,917500,7,7,309,Exportação
2020,9,2071400,10,580,RJ,0,717800,252,252,526,Exportação
2020,2,96190000,10,63,SP,0,1017500,6129,6129,45244,Exportação
2020,12,94039010,10,628,RS,4,817600,30,30,60,Exportação
2020,12,2071400,10,43,SC,1,927800,122127,122127,199544,Exportação
2020,11,15180090,10,589,SP,1,817800,16560,16560,42300,Exportação
2020,10,19042000,10,741,SP,0,817800,11,11,33,Exportação
2020,4,84818094,11,160,SP,4,817700,25,869,26437,Exportação
2020,8,84818019,11,586,SC,7,917500,39753,5912,75180,Exportação
2020,7,82055900,10,586,RS,7,147800,24,24,370,Exportação
2020,9,4061010,10,476,RJ,0,717800,13,13,136,Exportação
2020,10,7032090,10,628,SP,12,817800,5,5,14,Exportação
2020,8,52095900,10,249,SP,4,817700,79,79,1502,Exportação
2020,11,87084019,11,196,SP,4,817700,5,13,2629,Exportação
2020,9,82119320,11,586,PR,7,917500,300,38,2691,Exportação
2020,9,44199000,10,249,RS,4,817600,400,400,6117,Exportação
2020,8,41071220,15,23,GO,4,817600,944,667,13129,Exportação
2020,2,84399100,10,69,SP,4,817600,139,139,6527,Exportação
2020,5,90189099,11,169,SP,4,817700,5395,506,62053,Exportação
2020,7,39172100,10,196,SP,4,817700,0,0,23,Exportação
2020,12,2023000,10,351,PA,1,817800,189111,189111,852406,Exportação
2020,1,87084090,11,239,SP,4,817700,97,57,5783,Exportação
2020,1,64035990,13,249,RS,4,817600,16887,11958,715870,Exportação
2020,12,84833021,11,158,SP,4,817700,2,11,11474,Exportação
2020,1,90328911,11,160,SC,4,817600,15,194,7296,Exportação
2020,8,85258029,11,169,SP,4,817700,2,28,1841,Exportação
2020,12,84425000,10,160,SP,1,817800,4120,4120,156244,Exportação
2020,2,40129090,10,249,RS,1,1017700,83328,83328,235461,Exportação
2020,10,87089990,10,158,RS,4,817600,22,22,1237,Exportação
2020,2,85444200,10,249,SP,4,817600,111,109,199920,Exportação
2020,8,85441100,10,97,SP,7,147600,1,10,619,Exportação
2020,4,22011000,17,580,PE,0,417901,12,12,8,Exportação
2020,11,27090010,16,160,RJ,1,812051,153183,142174955,39069704,Exportação
2020,1,2032900,10,434,SP,0,817800,1391,1244,7223,Exportação
2020,7,10063021,10,40,RS,1,927800,1778000,1778000,901125,Exportação
2020,5,82014000,10,545,RS,0,1017700,16803,16803,103684,Exportação
2020,8,85369040,11,351,SP,4,817700,224000,23,3122,Exportação
2020,12,38231990,10,249,MG,1,817800,57760,57760,70967,Exportação
2020,1,39239000,10,845,SP,7,1017701,12540,12438,45965,Exportação
2020,11,84369900,10,63,RS,7,1017500,4599,4599,10711,Exportação
2020,2,20099000,10,476,RJ,0,717800,60,60,70,Exportação
2020,1,21012010,10,476,RJ,0,717600,4,4,49,Exportação
2020,9,32089039,10,63,SP,1,817800,8438,8438,45554,Exportação
2020,4,73182300,10,169,SP,0,817600,1,0,30,Exportação
2020,10,5040090,10,40,PR,1,917800,27936,27936,17468,Exportação
2020,2,62082100,11,97,SC,0,147600,31,11,501,Exportação
2020,5,68042119,10,850,RR,7,260151,9,9,267,Exportação
2020,6,76151000,10,249,PR,1,817800,329,329,4274,Exportação
2020,11,61099000,11,97,SC,7,147600,106,14,568,Exportação
2020,7,2071200,10,888,MG,1,927800,12100,12100,13788,Exportação
2020,10,90211020,10,190,PR,4,817700,1,1,2,Exportação
2020,6,84833010,11,63,SP,7,1017503,20,1,38,Exportação
2020,3,72011000,10,160,MG,1,717600,92304000,92265000,28296262,Exportação
2020,12,90181100,11,249,SP,4,817700,9,5,3927,Exportação
2020,7,83024200,10,63,RS,7,1017505,48893,48893,100314,Exportação
2020,9,20097100,10,249,SP,0,817800,12,13,39,Exportação
2020,2,34011900,10,351,SP,0,817800,72,31,202,Exportação
2020,8,85411021,11,858,SP,4,817600,200,0,10,Exportação
2020,1,7049000,10,399,SC,0,927502,30,30,25,Exportação
2020,3,12074090,10,399,RS,0,1017700,1,1,12,Exportação
2020,7,29094421,10,399,SP,1,817800,232270,232270,346304,Exportação
2020,2,90191000,10,586,SP,7,147800,80,80,2362,Exportação
2020,7,2023000,10,741,MS,1,917800,108915,108915,498769,Exportação
2020,12,2062990,10,351,TO,1,817800,158909,158909,438723,Exportação
2020,8,8045020,10,580,RS,0,1017700,95,95,105,Exportação
2020,3,52091900,10,63,RN,1,417902,16627,16627,53221,Exportação
2020,9,35061010,10,493,SP,4,817600,189,189,9450,Exportação
2020,12,85447010,10,160,SP,1,817800,295,295,4867,Exportação
2020,3,2071400,10,741,GO,0,927800,3075,3075,5978,Exportação
2020,7,26011100,10,160,MG,1,710251,878939000,878939000,72493297,Exportação
2020,1,84821010,11,169,SP,4,817700,239,298,7440,Exportação
2020,12,9023000,10,580,RJ,0,717800,0,0,13,Exportação
2020,7,2032900,10,77,SP,0,812051,20,20,40,Exportação
2020,6,19059090,10,190,ES,0,727600,6,6,22,Exportação
2020,7,85269200,11,589,BA,1,817800,47,2,801,Exportação
2020,3,90328924,11,158,SP,1,817800,1,2,1267,Exportação
2020,1,85443000,10,493,SP,1,817800,2166,2166,62194,Exportação
2020,5,16041310,10,163,PR,0,917800,16,16,54,Exportação
2020,8,87089990,10,63,MG,7,1017503,149125,148515,963453,Exportação
2020,11,64041900,13,850,RS,0,1017700,1184,578,5298,Exportação
2020,10,84029000,10,345,SP,4,817700,45,45,3885,Exportação
2020,8,85389090,10,158,SP,4,817700,25,25,8392,Exportação
2020,7,85334011,11,232,SP,0,817800,4,1,142,Exportação
2020,7,2062990,10,476,SP,0,817800,165,159,542,Exportação
2020,7,84139190,10,249,SC,4,817600,4617,4617,72210,Exportação
2020,9,84831090,11,586,RS,7,917500,82,647,3224,Exportação
2020,5,61044900,11,249,GO,0,817700,6,2,146,Exportação
2020,10,19019010,10,351,MA,0,317903,1,1,3,Exportação
2020,11,85030090,10,53,SP,4,817700,3,3,461,Exportação
2020,7,44152000,11,434,ES,0,727600,2,2,64,Exportação
2020,8,2023000,10,476,RJ,0,717800,82,82,627,Exportação
2020,10,72159090,10,97,SC,7,147600,25200,25200,57440,Exportação
2020,7,40169990,10,365,SP,4,817600,14,14,402,Exportação
2020,10,73181900,10,275,SP,4,817600,7,7,863,Exportação
2020,2,87141000,10,196,MG,1,817800,63,63,1486,Exportação
2020,11,17011400,21,160,SP,1,817800,226529,226528698,64933815,Exportação
2020,7,22030000,17,628,PA,0,217800,32,32,49,Exportação
2020,9,7099990,10,434,RJ,0,717800,175,175,229,Exportação
2020,10,84219999,10,665,SP,4,817600,41,41,1119,Exportação
2020,7,40119090,11,586,SP,7,917500,881,15336,58177,Exportação
2020,6,38200000,10,63,SP,7,1017503,5000,5000,15512,Exportação
2020,9,38244000,10,97,SP,7,147600,9601,9601,4450,Exportação
2020,8,7093000,10,267,ES,0,727600,15,15,10,Exportação
2020,9,84142000,11,485,SP,0,817600,1,1,101,Exportação
2020,12,25070010,10,845,SP,7,1017701,4500,4500,1670,Exportação
2020,3,84099912,11,87,SP,4,817600,9,1917,8195,Exportação
2020,11,84149039,10,603,SP,1,817800,1756,1756,21907,Exportação
2020,11,40093100,10,169,MG,4,817700,1,1,47,Exportação
2020,10,85015210,11,580,SC,1,927800,38,7379,19707,Exportação
2020,1,7102100,10,467,ES,0,817800,3,3,8,Exportação
2020,8,84099999,10,158,PR,7,1017503,302,302,6557,Exportação
2020,8,15155000,10,580,ES,0,717800,36,36,31,Exportação
2020,9,16042090,10,293,SP,0,817800,3,3,20,Exportação
2020,3,2031900,10,293,CE,0,317900,45,45,204,Exportação
2020,5,8013200,10,245,CE,1,317900,15876,15876,121195,Exportação
2020,6,21023000,10,267,ES,0,727600,4,4,10,Exportação
2020,12,39269090,10,158,PR,7,1017500,3262,3262,22067,Exportação
2020,7,82029990,10,245,RS,4,817700,3,3,1016,Exportação
2020,7,96091000,10,628,SP,0,817800,27296,27296,233260,Exportação
2020,1,73083000,10,586,PR,0,917500,1116,1116,8418,Exportação
2020,7,39269040,10,351,SP,0,817800,68,68,6227,Exportação
2020,9,85389010,11,63,RS,7,1017500,2,0,98,Exportação
2020,9,2062990,10,351,SP,1,217800,15274,15274,36941,Exportação
2020,5,84248229,11,169,RS,1,1017700,312,21,217,Exportação
2020,3,40093100,10,589,RO,7,230154,3503,3503,15509,Exportação
2020,10,19021900,10,476,SC,0,917800,26,26,48,Exportação
2020,1,84123900,11,169,SP,0,817600,1,6,169,Exportação
2020,3,23091000,10,244,MG,1,1017700,3160,3160,3907,Exportação
2020,8,87081000,11,169,SP,1,817800,546,1327,12856,Exportação
2020,10,83022000,10,586,SP,7,917500,5839,5839,32898,Exportação
2020,2,8119000,10,573,PE,1,517800,26064,26064,33401,Exportação
2020,6,85444900,10,63,RS,7,1017500,33,33,678,Exportação
2020,11,19053100,10,741,MA,0,317903,2,2,5,Exportação
2020,8,3049900,10,190,ES,0,717800,18,18,114,Exportação
2020,6,48041100,10,239,PR,0,917800,114308,114308,55171,Exportação
2020,8,21031010,10,476,SP,0,817800,100,125,233,Exportação
2020,5,84819090,10,493,SP,1,817800,53,53,2668,Exportação
2020,6,39173290,10,337,SP,1,1017700,1,1,235,Exportação
2020,3,84314929,10,275,SP,4,817600,2071,2071,10609,Exportação
2020,11,2032200,10,434,PE,0,417900,66,66,196,Exportação
2020,4,12019000,21,399,PA,1,217800,3254,3253921,1076462,Exportação
2020,7,35030019,10,249,SC,0,927700,95255,95255,592806,Exportação
2020,11,44123300,16,249,PR,1,917800,250,138920,115885,Exportação
2020,10,71171900,10,275,SP,4,817600,0,0,730,Exportação
2020,3,4029900,10,580,SP,0,817800,86,142,122,Exportação
2020,10,96031000,11,434,ES,0,727600,10,12,42,Exportação
2020,7,39011010,10,97,RJ,7,147600,24750,24750,22037,Exportação
2020,2,32089029,10,845,RS,7,1017701,575,575,2234,Exportação
2020,1,39123990,10,63,SP,7,1017500,20,20,818,Exportação
2020,2,85122011,11,580,MG,4,817600,1,0,81,Exportação
2020,6,29329999,10,275,SP,1,817800,18900,18900,36819,Exportação
2020,2,22030000,17,63,RJ,0,227600,326,326,1722,Exportação
2020,12,90268000,11,97,SP,7,147600,1,1,53,Exportação
2020,5,45049000,10,485,SP,1,817800,1,1,66,Exportação
2020,10,8054000,10,163,PR,0,917800,36,36,20,Exportação
2020,6,84825090,11,275,RJ,0,717700,123,20,283379,Exportação
2020,11,85012000,11,249,SP,4,817700,1,1,124,Exportação
2020,3,39269090,10,249,RJ,4,717700,5,12,234,Exportação
2020,8,90301090,11,240,SP,1,817800,34,620,32300,Exportação
2020,3,85364900,11,386,SC,0,817600,23,34,881,Exportação
2020,12,21041021,10,776,SP,0,717600,2,2,3,Exportação
2020,10,85129000,10,158,SP,7,1017500,26,26,898,Exportação
2020,4,59119000,10,158,SP,7,1017500,640,640,33373,Exportação
2020,4,8039000,10,580,SC,0,927700,95,95,49,Exportação
2020,9,85389090,10,63,SP,4,817600,110,111,6857,Exportação
2020,2,90262090,11,169,SP,1,817800,265,36,3184,Exportação
2020,10,27129000,10,275,SP,4,817600,8,8,506,Exportação
2020,1,40169300,10,53,RJ,4,717700,0,0,429,Exportação
2020,3,7061000,10,163,RJ,0,717600,60,60,53,Exportação
2020,9,4061090,10,434,SP,0,812051,16,41,188,Exportação
2020,1,40169300,10,589,SP,1,817800,1818,1823,62981,Exportação
2020,6,85176111,11,169,SP,4,817700,20,106,314,Exportação
2020,12,2071400,10,199,MS,1,917800,622940,622940,518938,Exportação
2020,8,90318099,11,249,SP,4,817600,440,269,262996,Exportação
2020,6,29021910,10,63,SP,1,817800,1020,1020,4145,Exportação
2020,5,83016000,10,63,RS,7,1017503,4,4,52,Exportação
2020,7,61062000,11,607,SC,4,817600,89,29,1258,Exportação
2020,9,32041913,10,586,SP,7,917500,960,960,12875,Exportação
2020,7,70071100,11,317,MG,4,817700,1,2,19,Exportação
2020,1,40103900,10,589,SP,1,817800,281,281,10964,Exportação
2020,11,84621090,11,791,SP,1,817800,5,52965,2182930,Exportação
2020,2,22042100,17,434,BA,0,517800,33,44,166,Exportação
2020,12,84314929,10,158,SP,1,817800,9721,9721,24972,Exportação
2020,4,84749000,10,249,SP,4,817700,12328,12133,57431,Exportação
2020,8,84482030,10,589,PR,1,917800,4600,4600,5000,Exportação
2020,11,17049020,10,249,RN,1,317900,17302,17302,25265,Exportação
2020,6,7123100,10,476,PR,0,917800,5,5,25,Exportação
2020,5,71039900,19,249,MG,4,817700,133887,53,17036,Exportação
2020,5,85369090,11,351,SP,4,817700,190000,98,1415,Exportação
2020,2,2071200,10,244,SC,0,927700,142716,142716,190258,Exportação
2020,10,39241000,10,337,RR,0,260152,73,73,321,Exportação
2020,11,7093000,10,275,RJ,0,717800,5,5,6,Exportação
2020,6,16041310,10,476,AM,0,227600,2,2,12,Exportação
2020,12,61046900,11,249,MG,4,817600,1,0,41,Exportação
2020,5,39211200,10,160,SC,4,817600,3,3,203,Exportação
2020,9,84193900,11,586,PR,7,917500,11,138,1175,Exportação
2020,2,39074090,10,741,ES,0,710251,1,1,196,Exportação
2020,12,2071400,10,289,MS,1,917800,53990,53990,50979,Exportação
2020,10,62046200,11,625,SP,4,817600,22,4,368,Exportação
2020,3,33042010,10,97,SP,7,147600,72,72,18937,Exportação
2020,10,40093100,10,759,SP,4,817600,1,1,18,Exportação
2020,5,39199090,10,493,RS,4,817700,2,2,175,Exportação
2020,6,90183929,11,455,SP,4,817700,305,2,1497,Exportação
2020,9,27101932,10,586,SC,7,917500,11077,11077,34289,Exportação
2020,3,85061019,11,580,SP,0,517800,2,0,4,Exportação
2020,11,40169300,10,63,RJ,0,817700,2,2,352,Exportação
2020,12,41041114,15,160,PA,1,817800,359,1847,2236,Exportação
2020,9,39199090,10,158,SP,7,1017500,0,0,20,Exportação
2020,4,29224220,10,244,SP,0,812051,5,5,24,Exportação
2020,6,63053390,10,63,SP,0,1017500,54311,54311,141188,Exportação
2020,10,34049019,10,589,SP,1,817800,856,856,2596,Exportação
2020,12,84779000,10,63,PE,0,817600,288,288,8524,Exportação
2020,6,40169990,10,249,RJ,4,817700,2,2,1723,Exportação
2020,6,74153300,10,63,SC,7,1017500,16,16,188,Exportação
2020,11,41071220,15,493,RS,0,1017700,43419,38268,692597,Exportação
2020,10,38086290,10,586,SP,7,917500,7524,7524,120309,Exportação
2020,4,84294000,11,764,SP,0,817800,2,14580,127785,Exportação
2020,3,21022000,10,538,SP,1,817800,125800,125800,431246,Exportação
2020,7,85381000,10,275,RS,1,1017700,3202,3202,18062,Exportação
2020,11,27132000,10,586,PR,7,917500,2448850,2448850,998787,Exportação
2020,10,2032900,10,476,PR,0,927700,86,86,401,Exportação
2020,9,85078000,11,434,SP,0,917800,3,0,42,Exportação
2020,12,8061000,10,628,PE,1,420154,302491,302491,584250,Exportação
2020,6,84831090,11,586,SP,4,817700,3,30,900,Exportação
2020,8,87082999,11,586,PR,7,917500,6754,3712,19696,Exportação
2020,11,96081000,11,845,SC,7,1017701,100,20,348,Exportação
2020,7,85123000,11,493,PR,1,917800,6915,1556,20956,Exportação
2020,7,90262090,11,586,SP,4,817700,239,47,2265,Exportação
2020,8,21032010,10,77,SP,12,817800,18,18,72,Exportação
2020,7,73269090,10,63,SP,7,1017500,96115,96115,156586,Exportação
2020,4,7051100,10,741,RS,0,1017700,35,35,65,Exportação
2020,2,27150000,10,158,SC,7,1017500,72,72,138,Exportação
2020,2,85169000,10,815,SP,0,817800,0,0,3,Exportação
2020,12,8039000,10,741,ES,0,727600,125,125,75,Exportação
2020,1,40161010,10,249,SP,4,817600,2,2,301,Exportação
2020,11,87081000,11,158,SP,7,1017500,1032,1645,27027,Exportação
2020,12,2023000,10,293,RS,0,1017700,44,44,381,Exportação
2020,12,8071100,10,293,RS,0,1017700,100,100,45,Exportação
2020,2,73219000,10,586,SP,7,147800,30,30,211,Exportação
2020,3,71069210,10,232,RJ,0,817800,1,1,1550,Exportação
2020,2,74199990,10,249,MG,4,817700,0,0,143,Exportação
2020,3,63079090,10,386,SC,1,927700,17,17,12,Exportação
2020,2,87082999,11,791,SP,0,817800,30000,10050,69690,Exportação
2020,5,8013200,10,476,ES,0,727600,26,26,56,Exportação
2020,5,42029900,10,249,SP,4,817700,6,6,1270,Exportação
2020,8,85177010,11,249,SP,1,817800,7022,26,9591,Exportação
2020,8,49089000,10,87,SP,4,817700,1,1,160,Exportação
2020,6,61083200,11,149,SC,4,817700,58,4,524,Exportação
2020,9,96062900,10,586,PR,7,917500,1,1,15,Exportação
2020,9,74152100,10,63,RS,7,1017500,10,10,340,Exportação
2020,3,29121999,10,845,SP,7,1017701,5,5,52,Exportação
2020,3,85389010,11,586,PR,7,917500,46,10,1117,Exportação
2020,4,19022000,10,434,SC,0,927800,4,4,16,Exportação
2020,11,90328925,11,493,MG,1,717600,60,22,4347,Exportação
2020,4,68029390,10,249,ES,0,817800,4349193,4351108,2140484,Exportação
2020,10,72011000,10,160,MG,1,727600,50926000,50903000,15828218,Exportação
2020,9,73181500,10,63,MG,7,1017503,91418,37502,138219,Exportação
2020,11,8055000,10,580,ES,0,727600,131,131,170,Exportação
2020,1,73209000,10,97,SP,7,147600,25,25,2306,Exportação
2020,5,29051220,10,249,AL,4,817700,1500,2000,15159,Exportação
2020,12,44072990,16,160,PA,1,217800,345,458572,154369,Exportação
2020,9,39052100,10,97,SC,7,147600,2000,2000,2400,Exportação
2020,6,44123900,16,23,PR,1,917800,5015,2223000,885773,Exportação
2020,8,82100090,10,586,RS,7,917500,108,108,2630,Exportação
2020,5,85111000,11,445,RJ,0,817700,2,0,770,Exportação
2020,9,44219900,10,586,SP,7,917500,190,190,690,Exportação
2020,8,62044200,11,399,SP,4,817700,44,18,211,Exportação
2020,2,85030090,10,249,SP,4,817600,8121,8128,288504,Exportação
2020,5,73269090,10,687,SP,1,817800,25749,25749,29364,Exportação
2020,2,84313110,10,63,SP,7,1017500,1209,1209,26515,Exportação
2020,11,61091000,11,586,PR,7,917501,1517,350,7912,Exportação
2020,10,38089195,10,756,SP,1,817800,11030,11030,180369,Exportação
2020,6,84295900,11,580,SP,0,817800,1,7000,45409,Exportação
2020,6,9093100,10,351,SP,12,817800,1,1,6,Exportação
2020,12,84824000,11,40,SP,4,817600,220,82,506,Exportação
2020,1,17011400,21,744,SP,1,817800,27500,27500000,7169100,Exportação
2020,3,73182100,10,493,SP,1,817800,23,23,259,Exportação
2020,8,9062000,10,98,SP,0,817800,1,0,1,Exportação
2020,12,73201000,10,493,SP,4,817700,9,9,296,Exportação
2020,7,85412120,11,845,MG,7,1017701,100,0,2,Exportação
2020,4,9019000,10,607,SP,12,817800,1,1,24,Exportação
2020,2,2062990,10,193,PR,1,917800,26446,26446,21737,Exportação
2020,8,84219999,10,573,MG,1,817800,12,12,549,Exportação
2020,1,62069000,11,249,RJ,4,717700,254,35,5097,Exportação
2020,11,73182900,10,97,SP,7,147600,414,414,8947,Exportação
2020,3,38249941,10,158,SP,7,1017500,11760,11760,23765,Exportação
2020,2,87089300,11,158,SP,0,1017500,1242,12861,122916,Exportação
2020,9,87043190,11,63,PR,1,917800,492,975629,2974742,Exportação
2020,7,73269090,10,485,SP,1,817800,12,12,83,Exportação
2020,6,72044900,10,253,SP,1,927700,372010,372010,65714,Exportação
2020,3,32089010,10,63,SC,0,1017500,15,15,174,Exportação
2020,3,84289090,11,160,SP,1,817800,30,10680,68948,Exportação
2020,2,64029990,13,249,RS,4,817700,301,153,5053,Exportação
2020,12,87082999,11,548,SP,1,817800,50,337,4039,Exportação
2020,2,85365090,11,63,SP,7,1017500,39630,1626,45249,Exportação
2020,5,52010020,21,827,MA,1,817800,794,793760,1188427,Exportação
2020,8,19012000,10,476,PR,0,817800,20,20,53,Exportação
2020,8,76169900,10,249,SP,4,817700,671,671,108445,Exportação
2020,8,3038990,10,249,PA,1,217800,100874,100874,399383,Exportação
2020,2,27101932,10,476,RJ,0,817800,16917,15666,30557,Exportação
2020,11,69099000,10,493,SP,0,817600,7,7,763,Exportação
2020,10,4031000,10,81,SP,12,817800,18,18,35,Exportação
2020,12,4069020,10,776,SP,0,717600,5,5,116,Exportação
2020,5,8072000,10,607,RN,4,817600,67338,67338,55404,Exportação
2020,9,5040090,10,351,TO,1,817800,49673,49673,162852,Exportação
2020,8,27129000,10,301,SP,12,817800,5,5,26,Exportação
2020,1,47032900,10,776,MS,1,817800,104000,104000,38480,Exportação
2020,7,39269069,10,607,SP,4,817700,0,0,123,Exportação
2020,3,27101922,16,741,RJ,1,812051,50695,49964543,25198353,Exportação
2020,7,3073900,10,467,SP,0,817800,41,40,253,Exportação
2020,10,25232910,10,586,DF,7,147800,2478000,2478000,162771,Exportação
2020,5,73079200,10,63,RS,7,1017503,3,3,76,Exportação
2020,8,38112150,10,239,RJ,0,817700,5439,5439,22742,Exportação
2020,1,85362000,11,160,SP,1,817800,6,2,22,Exportação
2020,12,22011000,17,538,RS,0,1017700,510,510,125,Exportação
2020,7,68042219,10,63,SP,7,1017500,2724,2724,36432,Exportação
2020,1,87089990,10,586,RS,7,917500,6980,6980,23183,Exportação
2020,5,68029100,10,249,ES,1,717600,914956,914956,685264,Exportação
2020,1,87089100,11,687,SP,0,817800,18,225,3561,Exportação
2020,7,4012010,10,434,SP,0,917800,400,400,479,Exportação
2020,4,85366910,11,23,SP,4,817700,2000,56,1920,Exportação
2020,3,34031900,10,845,SP,4,817600,120,120,7236,Exportação
2020,3,40103900,10,756,SP,4,817700,7,7,223,Exportação
2020,3,76161000,10,169,SP,1,817800,96,96,2416,Exportação
2020,12,16010000,10,850,RR,7,260151,941960,941960,1512516,Exportação
2020,5,84716090,11,63,SP,4,817700,1,4,8737,Exportação
2020,4,44123900,16,249,SC,0,927700,1989,1012115,480217,Exportação
2020,9,27129000,10,586,SP,7,917500,4135,4135,5053,Exportação
2020,8,8052100,10,476,AM,0,227600,20,20,42,Exportação
2020,7,84212300,11,239,SP,4,817700,1449,633,9333,Exportação
2020,5,87089990,10,589,PR,4,817700,91,91,624,Exportação
2020,6,84143091,11,586,SP,7,917500,104,877,15812,Exportação
2020,1,44089090,16,190,PR,1,927700,414,229500,72142,Exportação
2020,11,17049020,10,850,RS,1,1017700,9558,9558,10989,Exportação
2020,12,83012000,10,169,SP,4,817700,9,9,321,Exportação
2020,9,25131000,10,586,RS,7,917500,1500,1500,1350,Exportação
2020,10,29153100,10,586,SP,7,917500,91100,91100,74318,Exportação
2020,2,2071400,10,538,RJ,0,817800,90,90,261,Exportação
2020,12,85365090,11,23,SC,4,817700,3,0,4,Exportação
2020,3,64039190,13,239,SP,4,817700,1080,886,23448,Exportação
2020,1,25062000,10,386,ES,1,727600,2626358,2626428,3643053,Exportação
2020,3,84389000,10,249,PE,1,417902,28560,28560,48577,Exportação
2020,7,7123100,10,580,SP,0,817800,4,32,33,Exportação
2020,3,84839000,10,158,SP,7,1017500,30422,30422,131703,Exportação
2020,7,84799090,10,249,SP,0,817800,1829,1829,4226,Exportação
2020,4,44071100,16,239,RS,1,1017700,138,76155,22176,Exportação
2020,7,38089199,10,267,SP,1,817800,190,190,4370,Exportação
2020,7,84329000,10,586,SP,7,917500,76761,76761,253954,Exportação
2020,7,32029030,10,351,RS,4,817600,400,400,1112,Exportação
2020,6,7041000,10,476,ES,0,817800,50,50,94,Exportação
2020,9,40059190,10,23,SP,1,817800,7157,7157,164233,Exportação
2020,12,39239000,10,586,SC,7,917500,14432,14432,52252,Exportação
2020,4,18069000,10,438,SP,12,817800,19,19,111,Exportação
2020,6,85078000,11,161,SP,4,817700,1,4,191,Exportação
2020,8,39075010,10,647,SP,1,817800,482,482,1752,Exportação
2020,5,20079990,10,476,AL,0,417900,2,2,18,Exportação
2020,11,84212300,11,493,SP,1,817800,2722,1843,49432,Exportação
2020,12,33049990,10,586,SP,7,917500,980,980,18787,Exportação
2020,3,73181500,10,589,SP,1,817800,965,929,12989,Exportação
2020,3,84379000,10,589,SP,4,817700,422,422,2231,Exportação
2020,11,4031000,10,467,RJ,0,717800,227,227,98,Exportação
2020,12,7020000,10,351,MA,0,317903,405,405,545,Exportação
2020,11,85122022,11,850,SP,1,817800,28,2,45,Exportação
2020,11,84248990,11,97,GO,0,230155,6,2,52,Exportação
2020,1,19054000,10,845,RS,7,1010252,1318,1318,2680,Exportação
2020,6,17011400,21,361,SP,1,817800,108502,108500891,29447136,Exportação
2020,8,64059000,13,249,RS,1,1017700,1306,852,24580,Exportação
2020,9,44111310,16,97,PR,7,147600,99,79005,21426,Exportação
2020,7,85011019,11,845,SP,7,1010351,4,5,499,Exportação
2020,10,76071190,10,249,SP,4,817700,7412,7412,24736,Exportação
2020,1,4012010,10,63,SP,0,717600,1284,1284,818,Exportação
2020,11,2071400,10,53,RS,0,1017700,7614,7614,4446,Exportação
2020,7,84389000,10,493,SP,1,817800,20220,20220,54324,Exportação
2020,11,41079210,15,603,SP,4,817700,7,12,142,Exportação
2020,9,96034090,11,317,RS,1,1017700,55056,3709,34894,Exportação
2020,6,74099000,10,249,MG,4,817600,89,89,1175,Exportação
2020,5,7069000,10,351,PR,0,917800,40,40,16,Exportação
2020,8,44219900,10,249,RS,1,1017700,186653,195571,212864,Exportação
2020,12,62043200,11,63,SC,7,1017500,38,16,627,Exportação
2020,8,85446000,10,160,SC,4,817600,1,1,51,Exportação
2020,7,64041900,13,160,PB,1,817800,1174,534,3462,Exportação
2020,6,39239000,10,845,RS,7,1010351,11855,11855,28854,Exportação
2020,10,21041011,10,767,SP,1,817800,2,2,11,Exportação
2020,1,83030000,10,586,PR,7,917500,160,59,288,Exportação
2020,4,84123110,11,589,RS,4,817700,3,12,1782,Exportação
2020,6,35021100,10,399,SP,4,817600,5,5,25,Exportação
2020,6,94032000,11,589,RS,1,1017700,65,695,8498,Exportação
2020,7,73269090,10,573,SC,0,917800,12,12,244,Exportação
2020,2,27132000,10,337,AM,7,260152,28320,28320,20130,Exportação
2020,5,39173900,10,160,SP,4,817700,19,19,301,Exportação
2020,6,12129200,10,476,SP,0,817800,10,10,7,Exportação
2020,3,64039190,13,317,SC,4,817600,6,5,30,Exportação
2020,11,7102100,10,455,RJ,0,710251,10,10,31,Exportação
2020,9,22011000,17,628,AL,0,417900,1350,451,267,Exportação
2020,7,42029900,10,455,SC,4,817700,0,0,50,Exportação
2020,2,84821010,11,249,SP,1,817800,80642,12915,207885,Exportação
2020,8,64041900,13,505,RS,1,1017700,1641,756,7617,Exportação
2020,3,39219019,10,285,SP,0,817800,5,5,1,Exportação
2020,12,82119320,11,427,RS,1,1017700,180,19,537,Exportação
2020,1,94035000,11,249,RS,1,1017700,10060,349067,870721,Exportação
2020,11,84799090,10,63,RJ,1,817800,2900,2900,96409,Exportação
2020,2,61044300,11,249,SC,4,817700,152,21,937,Exportação
2020,6,90189099,11,239,SP,4,817700,194,18,18559,Exportação
2020,8,83021000,10,589,PR,4,817700,1,1,6,Exportação
2020,3,35061090,10,249,PR,1,927700,13,13,129,Exportação
2020,10,84219999,10,63,SP,1,817800,13023,13023,89641,Exportação
2020,6,94035000,11,845,RS,7,1010252,7236,283681,214737,Exportação
2020,12,90262090,11,97,RS,4,817700,2,0,61,Exportação
2020,7,17019900,21,756,SP,1,817800,5184,5184000,1525591,Exportação
2020,5,90318099,11,850,RR,7,260151,3,1,10,Exportação
2020,6,60063210,10,249,SP,4,817700,1342,1342,32706,Exportação
2020,7,84099929,11,63,SP,0,1017503,484,617,5046,Exportação
2020,4,21022000,10,493,SP,1,817800,208180,208180,355806,Exportação
2020,7,20059900,10,741,ES,0,727600,2,2,16,Exportação
2020,6,28152000,10,63,RJ,1,817800,1494351,1494351,911554,Exportação
2020,12,84254910,11,249,MG,4,817600,857,2292,23850,Exportação
2020,11,85059090,10,169,SP,0,817700,67,67,1110,Exportação
2020,5,84669350,10,160,SP,4,817700,2,2,154,Exportação
2020,5,20098990,10,301,SC,0,927502,6,6,19,Exportação
2020,8,34022000,10,538,SP,0,817800,132,132,430,Exportação
2020,2,29339969,10,63,SP,4,817700,500,500,19892,Exportação
2020,11,94018000,11,97,PE,7,147600,7271,21355,66320,Exportação
2020,11,62111200,11,249,RJ,4,817700,306,63,11587,Exportação
2020,10,85015310,11,628,SP,1,817800,1,3200,24511,Exportação
2020,6,85389090,10,158,SP,0,817600,4,0,9,Exportação
2020,8,85014019,11,249,ES,4,817700,46,748,4103,Exportação
2020,4,2101200,10,445,CE,0,317900,2,2,17,Exportação
2020,1,10059010,10,493,MT,1,217800,13115860,13115860,2067859,Exportação
2020,9,10059010,10,647,PA,1,210200,5966099,5966099,1067794,Exportação
2020,3,84136019,11,249,RS,0,1017700,32,12,1245,Exportação
2020,12,39269090,10,603,SP,4,817600,302,302,6190,Exportação
2020,5,83082000,10,850,RR,7,260151,35,35,240,Exportação
2020,2,85177099,10,69,SP,4,817700,20,20,358,Exportação
2020,3,28281000,10,386,SP,0,817800,3,42,381,Exportação
2020,1,40091290,10,493,SP,0,817800,1,1,62,Exportação
